{"base_lr": 3.555600000000001e-05, "lr": 3.555600000000001e-05, "data_time": 0.061739110946655275, "loss": 2.8084837436676025, "loss_cls": 2.117563486099243, "loss_bbox": 0.6909202337265015, "time": 1.4200963973999023, "epoch": 1, "iter": 5, "step": 5}
{"base_lr": 8.000000000000005e-05, "lr": 8.000000000000005e-05, "data_time": 0.040382003784179686, "loss": 2.8513907194137573, "loss_cls": 2.2006813049316407, "loss_bbox": 0.6507094085216523, "time": 1.3671156167984009, "epoch": 1, "iter": 10, "step": 10}
{"base_lr": 8.000000000000005e-05, "lr": 8.000000000000005e-05, "data_time": 0.033420165379842125, "loss": 2.8917447090148927, "loss_cls": 2.262042013804118, "loss_bbox": 0.6297026912371317, "time": 1.3645199139912922, "epoch": 1, "iter": 15, "step": 15}
{"base_lr": 8.000000000000005e-05, "lr": 8.000000000000005e-05, "data_time": 0.030090832710266115, "loss": 2.879159724712372, "loss_cls": 2.2472346782684327, "loss_bbox": 0.6319250464439392, "time": 1.3503535032272338, "epoch": 1, "iter": 20, "step": 20}
{"base_lr": 8.000000000000005e-05, "lr": 8.000000000000005e-05, "data_time": 0.02769150733947754, "loss": 2.8669519805908203, "loss_cls": 2.237419958114624, "loss_bbox": 0.6295320248603821, "time": 1.3471222877502442, "epoch": 1, "iter": 25, "step": 25}
{"base_lr": 8.000000000000005e-05, "lr": 8.000000000000005e-05, "data_time": 0.026772681872049967, "loss": 2.8800124565760297, "loss_cls": 2.2612627347310386, "loss_bbox": 0.61874973376592, "time": 1.346665914853414, "epoch": 1, "iter": 30, "step": 30}
{"base_lr": 8.000000000000005e-05, "lr": 8.000000000000005e-05, "data_time": 0.025813184465680802, "loss": 2.885334948131016, "loss_cls": 2.272829713140215, "loss_bbox": 0.6125052511692047, "time": 1.3436776569911413, "epoch": 1, "iter": 35, "step": 35}
{"base_lr": 8.000000000000005e-05, "lr": 8.000000000000005e-05, "data_time": 0.024926972389221192, "loss": 2.87050324678421, "loss_cls": 2.2546750575304033, "loss_bbox": 0.6158282078802586, "time": 1.3404243290424347, "epoch": 1, "iter": 40, "step": 40}
{"base_lr": 8.000000000000005e-05, "lr": 8.000000000000005e-05, "data_time": 0.02414454883999295, "loss": 2.8778632481892905, "loss_cls": 2.2707548485861886, "loss_bbox": 0.6071084148354, "time": 1.3384425587124296, "epoch": 1, "iter": 45, "step": 45}
{"base_lr": 8.000000000000005e-05, "lr": 8.000000000000005e-05, "data_time": 0.023558216094970705, "loss": 2.8826825761795045, "loss_cls": 2.2816228222846986, "loss_bbox": 0.6010597610473633, "time": 1.3390578031539917, "epoch": 1, "iter": 50, "step": 50}
{"base_lr": 8.000000000000005e-05, "lr": 8.000000000000005e-05, "data_time": 0.019561910629272462, "loss": 2.8861805629730224, "loss_cls": 2.294541163444519, "loss_bbox": 0.5916394132375717, "time": 1.32336443901062, "epoch": 1, "iter": 55, "step": 55}
