{"coco/bbox_mAP": 0.784, "coco/bbox_mAP_50": 0.864, "coco/bbox_mAP_75": 0.848, "coco/bbox_mAP_s": -1.0, "coco/bbox_mAP_m": 0.874, "coco/bbox_mAP_l": 0.754, "data_time": 0.00815041878006675, "time": 0.17473770434206182}