{"coco/bbox_mAP": 0.81, "coco/bbox_mAP_50": 0.895, "coco/bbox_mAP_75": 0.877, "coco/bbox_mAP_s": -1.0, "coco/bbox_mAP_m": 0.869, "coco/bbox_mAP_l": 0.78, "data_time": 0.007995712757110595, "time": 0.1756657681681893}