{"coco/bbox_mAP": 0.924, "coco/bbox_mAP_50": 0.993, "coco/bbox_mAP_75": 0.984, "coco/bbox_mAP_s": -1.0, "coco/bbox_mAP_m": 0.799, "coco/bbox_mAP_l": 0.926, "data_time": 0.007147364311030345, "time": 0.1691265061571093}