{"coco/bbox_mAP": 0.887, "coco/bbox_mAP_50": 0.959, "coco/bbox_mAP_75": 0.95, "coco/bbox_mAP_s": -1.0, "coco/bbox_mAP_m": 0.863, "coco/bbox_mAP_l": 0.864, "data_time": 0.009588651765476573, "time": 0.10818239829756997}