{"base_lr": 3.555599955485326e-05, "lr": 3.555599955485326e-05, "data_time": 0.075931978225708, "loss": 2.817504358291626, "loss_cls": 2.173154330253601, "loss_bbox": 0.6443499565124512, "time": 0.3995164394378662, "epoch": 1, "iter": 5, "memory": 1331, "step": 5}
{"base_lr": 7.999999443007014e-05, "lr": 7.999999443007014e-05, "data_time": 0.03959090709686279, "loss": 2.8357277631759645, "loss_cls": 2.201965367794037, "loss_bbox": 0.633762338757515, "time": 0.3647391080856323, "epoch": 1, "iter": 10, "memory": 1331, "step": 10}
{"base_lr": 7.99999862260916e-05, "lr": 7.99999862260916e-05, "data_time": 0.027262496948242187, "loss": 2.841599718729655, "loss_cls": 2.209801999727885, "loss_bbox": 0.6317976693312327, "time": 0.33711303075154625, "epoch": 1, "iter": 15, "memory": 1331, "step": 15}
{"base_lr": 7.999997445516691e-05, "lr": 7.999997445516691e-05, "data_time": 0.021051347255706787, "loss": 2.809049701690674, "loss_cls": 2.1635214507579805, "loss_bbox": 0.6455282077193261, "time": 0.3285295367240906, "epoch": 1, "iter": 20, "memory": 1331, "step": 20}
{"base_lr": 7.999995911729716e-05, "lr": 7.999995911729716e-05, "data_time": 0.0173282527923584, "loss": 2.8408258628845213, "loss_cls": 2.2114090013504026, "loss_bbox": 0.6294168245792389, "time": 0.33295915603637694, "epoch": 1, "iter": 25, "memory": 1331, "step": 25}
{"base_lr": 7.99999402124838e-05, "lr": 7.99999402124838e-05, "data_time": 0.01483619213104248, "loss": 2.863273096084595, "loss_cls": 2.248557396729787, "loss_bbox": 0.6147156705458959, "time": 0.32844717502593995, "epoch": 1, "iter": 30, "memory": 1331, "step": 30}
{"base_lr": 7.99999177407286e-05, "lr": 7.99999177407286e-05, "data_time": 0.013067354474748884, "loss": 2.8572889804840087, "loss_cls": 2.2413634879248483, "loss_bbox": 0.6159254678658077, "time": 0.3266496453966413, "epoch": 1, "iter": 35, "memory": 1331, "step": 35}
{"base_lr": 7.999989170203368e-05, "lr": 7.999989170203368e-05, "data_time": 0.011742258071899414, "loss": 2.86318479180336, "loss_cls": 2.2511218965053557, "loss_bbox": 0.6120628751814365, "time": 0.3270141422748566, "epoch": 1, "iter": 40, "memory": 1331, "step": 40}
{"base_lr": 7.999986209640146e-05, "lr": 7.999986209640146e-05, "data_time": 0.010708279079861112, "loss": 2.8708850807613797, "loss_cls": 2.267797984017266, "loss_bbox": 0.6030870775381724, "time": 0.3294041421678331, "epoch": 1, "iter": 45, "memory": 1331, "step": 45}
{"base_lr": 7.999982892383474e-05, "lr": 7.999982892383474e-05, "data_time": 0.009889397621154785, "loss": 2.894668002128601, "loss_cls": 2.30724148273468, "loss_bbox": 0.5874265038967132, "time": 0.3271036624908447, "epoch": 1, "iter": 50, "memory": 1331, "step": 50}
{"base_lr": 7.999979218433666e-05, "lr": 7.999979218433666e-05, "data_time": 0.002534494400024414, "loss": 2.9095788908004763, "loss_cls": 2.3359109282493593, "loss_bbox": 0.5736679536104202, "time": 0.3241433620452881, "epoch": 1, "iter": 55, "memory": 1331, "step": 55}
