{"base_lr": 3.555600000000001e-05, "lr": 3.555600000000001e-05, "data_time": 0.07356233596801758, "loss": 2.733819103240967, "loss_cls": 2.056793141365051, "loss_bbox": 0.6770259976387024, "time": 0.23742437362670898, "epoch": 1, "iter": 5, "memory": 1331, "step": 5}
{"base_lr": 8.000000000000005e-05, "lr": 8.000000000000005e-05, "data_time": 0.03805925846099854, "loss": 2.77215313911438, "loss_cls": 2.119639313220978, "loss_bbox": 0.65251384973526, "time": 0.18506019115447997, "epoch": 1, "iter": 10, "memory": 1331, "step": 10}
{"base_lr": 8.000000000000005e-05, "lr": 8.000000000000005e-05, "data_time": 0.02597955067952474, "loss": 2.8138044039408365, "loss_cls": 2.1819180885950726, "loss_bbox": 0.6318863193194072, "time": 0.1689621130625407, "epoch": 1, "iter": 15, "memory": 1331, "step": 15}
{"base_lr": 8.000000000000005e-05, "lr": 8.000000000000005e-05, "data_time": 0.019897603988647462, "loss": 2.8314515113830567, "loss_cls": 2.2105415761470795, "loss_bbox": 0.6209099352359772, "time": 0.15889109373092652, "epoch": 1, "iter": 20, "memory": 1331, "step": 20}
{"base_lr": 8.000000000000005e-05, "lr": 8.000000000000005e-05, "data_time": 0.016957101821899415, "loss": 2.883710060119629, "loss_cls": 2.2885774087905886, "loss_bbox": 0.5951326608657836, "time": 0.15285326957702636, "epoch": 1, "iter": 25, "memory": 1331, "step": 25}
{"base_lr": 8.000000000000005e-05, "lr": 8.000000000000005e-05, "data_time": 0.017941943804423013, "loss": 2.8852882862091063, "loss_cls": 2.2907488783200582, "loss_bbox": 0.594539408882459, "time": 0.15227495034535726, "epoch": 1, "iter": 30, "memory": 1331, "step": 30}
{"base_lr": 8.000000000000005e-05, "lr": 8.000000000000005e-05, "data_time": 0.019348437445504324, "loss": 2.90744252886091, "loss_cls": 2.3235679864883423, "loss_bbox": 0.5838745364121029, "time": 0.1520705359322684, "epoch": 1, "iter": 35, "memory": 1331, "step": 35}
{"base_lr": 8.000000000000005e-05, "lr": 8.000000000000005e-05, "data_time": 0.017640960216522217, "loss": 2.9365372598171233, "loss_cls": 2.369935855269432, "loss_bbox": 0.5666014038026332, "time": 0.14931673407554627, "epoch": 1, "iter": 40, "memory": 1331, "step": 40}
{"base_lr": 8.000000000000005e-05, "lr": 8.000000000000005e-05, "data_time": 0.018620708253648546, "loss": 2.9448591815100778, "loss_cls": 2.387372114923265, "loss_bbox": 0.5574870732095506, "time": 0.14982142448425292, "epoch": 1, "iter": 45, "memory": 1331, "step": 45}
{"base_lr": 8.000000000000005e-05, "lr": 8.000000000000005e-05, "data_time": 0.016929206848144532, "loss": 2.9379847335815428, "loss_cls": 2.382210433483124, "loss_bbox": 0.5557743036746978, "time": 0.14823107719421386, "epoch": 1, "iter": 50, "memory": 1331, "step": 50}
{"base_lr": 8.000000000000005e-05, "lr": 8.000000000000005e-05, "data_time": 0.010662870407104492, "loss": 2.948725047111511, "loss_cls": 2.404010558128357, "loss_bbox": 0.5447144925594329, "time": 0.1388799238204956, "epoch": 1, "iter": 55, "memory": 1331, "step": 55}
{"base_lr": 8.000000000000005e-05, "lr": 8.000000000000005e-05, "data_time": 0.012285833358764648, "loss": 2.9547354221343993, "loss_cls": 2.418164029121399, "loss_bbox": 0.5365713942050934, "time": 0.140512638092041, "epoch": 1, "iter": 60, "memory": 1331, "step": 60}
{"base_lr": 8.000000000000005e-05, "lr": 8.000000000000005e-05, "data_time": 0.01227114200592041, "loss": 2.9483860826492307, "loss_cls": 2.4182656097412107, "loss_bbox": 0.5301204842329025, "time": 0.13980332851409913, "epoch": 1, "iter": 65, "memory": 1331, "step": 65}
{"base_lr": 8.000000000000005e-05, "lr": 8.000000000000005e-05, "data_time": 0.01227592945098877, "loss": 2.9309853458404542, "loss_cls": 2.40799102306366, "loss_bbox": 0.5229943311214447, "time": 0.13956543922424317, "epoch": 1, "iter": 70, "memory": 1331, "step": 70}
{"base_lr": 8.000000000000005e-05, "lr": 8.000000000000005e-05, "data_time": 0.014239234924316406, "loss": 2.887651357650757, "loss_cls": 2.36434711933136, "loss_bbox": 0.5233042347431183, "time": 0.14218859672546386, "epoch": 1, "iter": 75, "memory": 1331, "step": 75}
{"base_lr": 8.000000000000005e-05, "lr": 8.000000000000005e-05, "data_time": 0.012116971015930176, "loss": 2.854163589477539, "loss_cls": 2.346608555316925, "loss_bbox": 0.5075550335645675, "time": 0.14002254486083984, "epoch": 1, "iter": 80, "memory": 1331, "step": 80}
{"base_lr": 8.000000000000005e-05, "lr": 8.000000000000005e-05, "data_time": 0.009515132904052735, "loss": 2.8172734355926514, "loss_cls": 2.3234666180610657, "loss_bbox": 0.49380682468414305, "time": 0.1380165433883667, "epoch": 1, "iter": 85, "memory": 1331, "step": 85}
{"base_lr": 8.000000000000005e-05, "lr": 8.000000000000005e-05, "data_time": 0.00911351203918457, "loss": 2.75976176738739, "loss_cls": 2.2767734026908872, "loss_bbox": 0.48298837423324587, "time": 0.13802070617675782, "epoch": 1, "iter": 90, "memory": 1331, "step": 90}
{"base_lr": 8.000000000000005e-05, "lr": 8.000000000000005e-05, "data_time": 0.006638808250427246, "loss": 2.7022640037536623, "loss_cls": 2.2353908681869505, "loss_bbox": 0.4668731391429901, "time": 0.13579794883728027, "epoch": 1, "iter": 95, "memory": 1331, "step": 95}
{"base_lr": 8.000000000000005e-05, "lr": 8.000000000000005e-05, "data_time": 0.007936420440673829, "loss": 2.6536239528656007, "loss_cls": 2.2040410113334654, "loss_bbox": 0.4495829463005066, "time": 0.13659001350402833, "epoch": 1, "iter": 100, "memory": 1331, "step": 100}
{"base_lr": 8.000000000000005e-05, "lr": 8.000000000000005e-05, "data_time": 0.008686833381652832, "loss": 2.6145991325378417, "loss_cls": 2.174779214859009, "loss_bbox": 0.4398199200630188, "time": 0.1369883346557617, "epoch": 1, "iter": 105, "memory": 1331, "step": 105}
{"base_lr": 8.000000000000005e-05, "lr": 8.000000000000005e-05, "data_time": 0.008273153305053712, "loss": 2.600132074356079, "loss_cls": 2.1753942251205443, "loss_bbox": 0.424737851023674, "time": 0.1365251350402832, "epoch": 1, "iter": 110, "memory": 1331, "step": 110}
{"base_lr": 8.000000000000005e-05, "lr": 8.000000000000005e-05, "data_time": 0.008279910087585449, "loss": 2.5408523440361024, "loss_cls": 2.134122667312622, "loss_bbox": 0.4067296713590622, "time": 0.1369425392150879, "epoch": 1, "iter": 115, "memory": 1331, "step": 115}
{"base_lr": 8.000000000000005e-05, "lr": 8.000000000000005e-05, "data_time": 0.011021323204040527, "loss": 2.5073383164405825, "loss_cls": 2.1172169613838197, "loss_bbox": 0.3901213550567627, "time": 0.13975247383117675, "epoch": 1, "iter": 120, "memory": 1331, "step": 120}
{"base_lr": 8.000000000000005e-05, "lr": 8.000000000000005e-05, "data_time": 0.011716890335083007, "loss": 2.4727908158302307, "loss_cls": 2.091953172683716, "loss_bbox": 0.3808376556634903, "time": 0.1400219964981079, "epoch": 1, "iter": 125, "memory": 1331, "step": 125}
{"base_lr": 8.000000000000005e-05, "lr": 8.000000000000005e-05, "data_time": 0.014126248359680176, "loss": 2.41327773809433, "loss_cls": 2.045022871494293, "loss_bbox": 0.3682548779249191, "time": 0.14302120685577394, "epoch": 1, "iter": 130, "memory": 1331, "step": 130}
{"base_lr": 8.000000000000005e-05, "lr": 8.000000000000005e-05, "data_time": 0.014836578369140626, "loss": 2.3480570220947268, "loss_cls": 1.9851924872398377, "loss_bbox": 0.3628645426034927, "time": 0.1438517999649048, "epoch": 1, "iter": 135, "memory": 1331, "step": 135}
{"base_lr": 8.000000000000005e-05, "lr": 8.000000000000005e-05, "data_time": 0.015935425758361817, "loss": 2.2816324281692504, "loss_cls": 1.9190525698661804, "loss_bbox": 0.3625798600912094, "time": 0.1445618438720703, "epoch": 1, "iter": 140, "memory": 1331, "step": 140}
{"base_lr": 8.000000000000005e-05, "lr": 8.000000000000005e-05, "data_time": 0.016980152130126953, "loss": 2.2248456406593324, "loss_cls": 1.8593119335174562, "loss_bbox": 0.36553370773792265, "time": 0.14520761013031006, "epoch": 1, "iter": 145, "memory": 1331, "step": 145}
{"base_lr": 8.000000000000005e-05, "lr": 8.000000000000005e-05, "data_time": 0.016347899436950683,