{"base_lr": 3.555600000000001e-05, "lr": 3.555600000000001e-05, "data_time": 0.08730111122131348, "loss": 2.7309684276580812, "loss_cls": 2.04273407459259, "loss_bbox": 0.6882343769073487, "time": 0.327455997467041, "epoch": 1, "iter": 5, "memory": 1331, "step": 5}
{"base_lr": 8.000000000000005e-05, "lr": 8.000000000000005e-05, "data_time": 0.06168355941772461, "loss": 2.8320448875427244, "loss_cls": 2.182635152339935, "loss_bbox": 0.6494097709655762, "time": 0.24364686012268066, "epoch": 1, "iter": 10, "memory": 1331, "step": 10}
{"base_lr": 8.000000000000005e-05, "lr": 8.000000000000005e-05, "data_time": 0.05648080507914225, "loss": 2.8873141765594483, "loss_cls": 2.263931488990784, "loss_bbox": 0.6233827034632365, "time": 0.21878183682759603, "epoch": 1, "iter": 15, "memory": 1331, "step": 15}
{"base_lr": 8.000000000000005e-05, "lr": 8.000000000000005e-05, "data_time": 0.04674251079559326, "loss": 2.902635645866394, "loss_cls": 2.28916340470314, "loss_bbox": 0.6134722650051116, "time": 0.1981363534927368, "epoch": 1, "iter": 20, "memory": 1331, "step": 20}
{"base_lr": 8.000000000000005e-05, "lr": 8.000000000000005e-05, "data_time": 0.04348827362060547, "loss": 2.9215314102172854, "loss_cls": 2.316961169242859, "loss_bbox": 0.6045702683925629, "time": 0.18902628898620605, "epoch": 1, "iter": 25, "memory": 1331, "step": 25}
{"base_lr": 8.000000000000005e-05, "lr": 8.000000000000005e-05, "data_time": 0.045936298370361325, "loss": 2.9274008512496947, "loss_cls": 2.3302796959877012, "loss_bbox": 0.5971211721499761, "time": 0.18735653559366863, "epoch": 1, "iter": 30, "memory": 1331, "step": 30}
{"base_lr": 8.000000000000005e-05, "lr": 8.000000000000005e-05, "data_time": 0.03960786546979632, "loss": 2.9282692841121127, "loss_cls": 2.336131078856332, "loss_bbox": 0.5921382180282048, "time": 0.17874748366219656, "epoch": 1, "iter": 35, "memory": 1331, "step": 35}
{"base_lr": 8.000000000000005e-05, "lr": 8.000000000000005e-05, "data_time": 0.03486443758010864, "loss": 2.9196077406406404, "loss_cls": 2.3265861749649046, "loss_bbox": 0.5930215798318386, "time": 0.1720563292503357, "epoch": 1, "iter": 40, "memory": 1331, "step": 40}
